us_state,num_of_searches,fraction
US,528,1
US-LA,446,0.8446969696969697
US-NJ,349,0.6609848484848485
US-NY,510,0.9659090909090909
